"id";"timestamp";"status"
55559;1656841243;Ожидает подтверждения
55559;1656841249;Ожидает оплаты
72941;1656871952;Заведение заказа в 1С
72903;1656871977;Заведение заказа в 1С
71843;1656872034;Заведение заказа в 1С
72953;1656872121;Сбор информации
72953;1656872132;Ожидание
72937;1656872189;Заведение заказа в 1С
72957;1656872235;Сбор информации
72947;1656872263;Заведение заказа в 1С
72951;1656872269;Ожидание
72941;1656872307;Проверка товара на складе
72957;1656872312;Подумает и перезвонит
72903;1656872361;Проверка товара на складе
72947;1656872442;Проверка товара на складе
72949;1656872572;Не устраивает цена с бонусами
70661;1656872583;Проверка товара на складе
72557;1656872714;Проверка информации
72557;1656872714;Проверка информации
72475;1656872718;Сделка успешна
72523;1656872750;Сделка успешна
72811;1656872771;Сделка успешна
72961;1656873433;Сбор информации
72963;1656873548;Сбор информации
72961;1656873589;Проверка информации
72961;1656873589;Проверка информации
72965;1656873603;Сбор информации
72963;1656873661;Ожидание
71769;1656873843;Проверка информации
71769;1656873843;Проверка информации
71633;1656874020;Дубль
72969;1656874177;Сбор информации
72969;1656874191;Ожидание
72951;1656874280;Проверка информации
72951;1656874280;Проверка информации
72335;1656874331;Сделка успешна
72965;1656874396;Проверка информации
72965;1656874396;Проверка информации
72973;1656874768;Сбор информации
72973;1656874928;Ожидание
72667;1656875087;Передумал или отложил
72651;1656875132;Сделка успешна
72977;1656875138;Сбор информации
72711;1656875184;Сделка успешна
72977;1656875211;Доставка. Товар нужен сегодня
72557;1656875211;Сделка успешна
72983;1656875349;Сбор информации
72919;1656875389;Ожидание
72867;1656875477;Ожидание
72989;1656875608;Сбор информации
72983;1656875720;Проверка информации
72983;1656875720;Проверка информации
72951;1656875746;Заведение заказа в 1С
72991;1656875791;Сбор информации
72991;1656875836;Передумал или отложил
72951;1656875841;Проверка товара на складе
72983;1656875863;Заведение заказа в 1С
72995;1656875913;Сбор информации
72983;1656875942;Проверка товара на складе
72909;1656875998;Сделка успешна
72995;1656876079;Проверка информации
72995;1656876079;Проверка информации
72643;1656876201;Передумал или отложил
71021;1656876244;Передумал или отложил
72995;1656876254;Заведение заказа в 1С
72479;1656876292;Передумал или отложил
72995;1656876333;Проверка товара на складе
72961;1656876774;Согласование нового товара
72965;1656876839;Заведение заказа в 1С
72965;1656876920;Проверка товара на складе
73001;1656876959;Сбор информации
73001;1656877125;Проверка информации
73001;1656877125;Проверка информации
73001;1656877214;Заведение заказа в 1С
73001;1656877292;Проверка товара на складе
73003;1656877455;Сбор информации
73003;1656877546;Артикул уже продан
73009;1656877974;Сбор информации
73011;1656878080;Сбор информации
73015;1656878106;Сбор информации
73017;1656878188;Сбор информации
73011;1656878209;Нет в ассортименте
73009;1656878232;Ожидание
72345;1656878247;Заведение заказа в 1С
73015;1656878265;Ожидание
72345;1656878376;Проверка товара на складе
73017;1656878415;Нет в ассортименте
72961;1656878576;Артикул уже продан
73015;1656878782;Подумает и перезвонит
73025;1656916841;Сбор информации
73027;1656923017;Сбор информации
73029;1656923313;Сбор информации
73029;1656923326;Ожидание
73027;1656923490;Проверка информации
73027;1656923490;Проверка информации
73035;1656924759;Сбор информации
73035;1656925208;Проверка информации
73035;1656925208;Проверка информации
73041;1656925390;Сбор информации
73041;1656925413;Ожидание
73043;1656926128;Сбор информации
73043;1656926161;Ожидание
73045;1656926218;Сбор информации
73045;1656926326;Ожидание
73041;1656926519;Проверка информации
73041;1656926519;Проверка информации
73049;1656926879;Сбор информации
73049;1656927061;Проверка информации
73049;1656927061;Проверка информации
73051;1656927105;Сбор информации
73051;1656927139;Ожидание
73053;1656927709;Сбор информации
73053;1656927874;Проверка информации
73053;1656927874;Проверка информации
73055;1656927877;Сбор информации
73055;1656927888;Ожидание
73057;1656927989;Сбор информации
72785;1656928027;Ожидание
73057;1656928119;Доставка. Товар нужен сегодня
73043;1656928377;Проверка информации
73043;1656928377;Проверка информации
73061;1656928539;Сбор информации
73061;1656928592;Ожидание
72347;1656928865;Истекло время ожидания
73063;1656928866;Сбор информации
73065;1656928913;Сбор информации
73065;1656928976;Ожидание юр.лица
73063;1656928992;Проверка информации
73063;1656928992;Проверка информации
73067;1656929141;Сбор информации
73069;1656929199;Сбор информации
73069;1656929268;Заведение заказа в 1С
73071;1656929291;Сбор информации
73071;1656929319;Ожидание
72947;1656929378;Согласование нового товара
72157;1656929416;Истекло время ожидания
73067;1656929430;Проверка информации
73067;1656929430;Проверка информации
72391;1656929435;Истекло время ожидания
72115;1656929438;Истекло время ожидания
73069;1656929452;Проверка информации
73069;1656929452;Проверка информации
73069;1656929453;Заведение заказа в 1С
72133;1656929458;Истекло время ожидания
73063;1656929473;Заведение заказа в 1С
73053;1656929493;Заведение заказа в 1С
73049;1656929509;Заведение заказа в 1С
73043;1656929546;Заведение заказа в 1С
73041;1656929565;Заведение заказа в 1С
73073;1656929574;Сбор информации
73075;1656929584;Сбор информации
73067;1656929585;Заведение заказа в 1С
73035;1656929610;Заведение заказа в 1С
73073;1656929628;Артикул уже продан
73027;1656929637;Заведение заказа в 1С
73077;1656929652;Сбор информации
73077;1656929683;Доставка. Товар нужен сегодня
73063;1656929702;Проверка товара на складе
73075;1656929714;Проверка информации
73075;1656929714;Проверка информации
73049;1656929740;Проверка товара на складе
73079;1656929769;Сбор информации
73041;1656929769;Проверка товара на складе
73081;1656929774;Сбор информации
73069;1656929783;Проверка товара на складе
73067;1656929810;Проверка товара на складе
73083;1656929811;Сбор информации
73085;1656929825;Сбор информации
73027;1656929829;Проверка товара на складе
72929;1656929831;Сбор информации
73079;1656929839;Ожидание
73083;1656929846;Ожидание
73085;1656929873;Нет в ассортименте
73053;1656929895;Проверка товара на складе
73087;1656929914;Сбор информации
73043;1656929930;Проверка товара на складе
73035;1656929965;Проверка товара на складе
73075;1656929983;Заведение заказа в 1С
72929;1656930014;Проверка информации
72929;1656930014;Проверка информации
72095;1656930022;Истекло время ожидания
73087;1656930029;Нет в ассортименте
73075;1656930047;Проверка товара на складе
73081;1656930072;Недозвон, игнор или неразборчивая речь
73089;1656930099;Сбор информации
72929;1656930107;Проверка товара на складе
73091;1656930171;Сбор информации
73091;1656930179;Ожидание
73069;1656930302;Сделка успешна
73089;1656930483;Проверка информации
73089;1656930483;Проверка информации
73093;1656930532;Сбор информации
73089;1656930544;Заведение заказа в 1С
73095;1656930565;Сбор информации
73089;1656930572;Проверка товара на складе
73093;1656930613;Ожидание
49937;1656930616;Сделка успешна
73101;1656930759;Сбор информации
73095;1656930771;Ожидание
73103;1656930827;Сбор информации
73103;1656930860;Ожидание
73105;1656930894;Сбор информации
73101;1656930909;Проверка информации
73101;1656930909;Проверка информации
73107;1656930955;Сбор информации
73101;1656930980;Заведение заказа в 1С
73109;1656930991;Сбор информации
73101;1656931036;Проверка товара на складе
73105;1656931039;Заведение заказа в 1С
73109;1656931059;Подумает и перезвонит
73107;1656931219;Проверка информации
73107;1656931219;Проверка информации
73107;1656931317;Заведение заказа в 1С
73105;1656931333;Проверка товара на складе
73107;1656931368;Проверка товара на складе
73111;1656931446;Сбор информации
73113;1656931504;Сбор информации
72947;1656931613;Артикул уже продан
60393;1656931670;Возврат
73111;1656931684;Проверка информации
73111;1656931684;Проверка информации
73113;1656931708;Ожидание
73117;1656931900;Сбор информации
73117;1656931907;Ожидание
73121;1656932053;Сбор информации
73123;1656932054;Сбор информации
73121;1656932242;Проверка информации
73121;1656932242;Проверка информации
73125;1656932277;Сбор информации
73127;1656932289;Сбор информации
73127;1656932329;Ожидание
73125;1656932361;Ожидание
73129;1656932384;Сбор информации
73129;1656932392;Ожидание
73123;1656932405;Проверка информации
73123;1656932405;Проверка информации
73135;1656932474;Сбор информации
73123;1656932516;Заведение заказа в 1С
73137;1656932521;Сбор информации
73121;1656932533;Заведение заказа в 1С
73137;1656932544;Уже купил
73111;1656932550;Заведение заказа в 1С
73123;1656932568;Проверка товара на складе
73139;1656932589;Сбор информации
73121;1656932602;Проверка товара на складе
73141;1656932664;Сбор информации
73139;1656932735;Ожидание
73111;1656932771;Проверка товара на складе
73147;1656932823;Сбор информации
73135;1656932830;Проверка информации
73135;1656932830;Проверка информации
73157;1656932960;Сбор информации
73135;1656933021;Заведение заказа в 1С
73071;1656933047;Не устраивает цена с бонусами
73135;1656933075;Проверка товара на складе
73147;1656933161;Проверка информации
73147;1656933161;Проверка информации
73157;1656933177;Проверка информации
73157;1656933177;Проверка информации
73141;1656933194;Ожидание
73147;1656933231;Заведение заказа в 1С
73157;1656933247;Заведение заказа в 1С
73147;1656933307;Проверка товара на складе
73157;1656933341;Проверка товара на складе
73183;1656933604;Сбор информации
73185;1656933666;Сбор информации
73185;1656933758;Проверка информации
73185;1656933758;Проверка информации
73185;1656933801;Заведение заказа в 1С
73189;1656933875;Сбор информации
73185;1656933878;Проверка товара на складе
73189;1656934065;Проверка информации
73189;1656934065;Проверка информации
73189;1656934094;Ожидание
73193;1656934120;Сбор информации
73189;1656934146;Проверка информации
73189;1656934146;Проверка информации
73195;1656934158;Сбор информации
73195;1656934170;Ожидание
73001;1656934282;Согласование нового товара
73199;1656934332;Сбор информации
73199;1656934345;Ожидание
73193;1656934462;Товар не устраивает
70329;1656934503;Сделка успешна
73201;1656934540;Сбор информации
73201;1656934552;Ожидание
73205;1656934742;Сбор информации
73205;1656934868;Нет в ассортименте
71769;1656935041;Сделка успешна
73211;1656935099;Сбор информации
67625;1656935172;Сделка успешна
73211;1656935222;Ожидание
66141;1656935547;Сделка успешна
73189;1656935563;Заведение заказа в 1С
73189;1656935596;Проверка товара на складе
72801;1656935610;Некачественный товар
73135;1656935653;Некачественный товар
73215;1656935741;Сбор информации
73219;1656935935;Сбор информации
73219;1656935950;Ожидание
73221;1656936023;Сбор информации
73223;1656936050;Сбор информации
64963;1656936103;Сделка успешна
73225;1656936122;Сбор информации
73223;1656936156;Нет в ассортименте
73225;1656936227;Проверка товара на складе
73227;1656936239;Сбор информации
73227;1656936276;Ожидание
73229;1656936277;Сбор информации
63439;1656936290;Сделка успешна
73233;1656936311;Сбор информации
73233;1656936329;Ожидание
73229;1656936334;Проверка товара на складе
73235;1656936423;Сбор информации
62037;1656936430;Сделка успешна
73237;1656936449;Сбор информации
73235;1656936458;Проверка товара на складе
73237;1656936460;Ожидание юр.лица
73237;1656936461;Ожидание
73239;1656936509;Сбор информации
73221;1656936593;Проверка информации
73221;1656936593;Проверка информации
73239;1656936661;Проверка информации
73239;1656936661;Проверка информации
73239;1656936737;Заведение заказа в 1С
73241;1656936737;Сбор информации
73221;1656936765;Заведение заказа в 1С
73239;1656936793;Проверка товара на складе
73243;1656936801;Сбор информации
50165;1656936866;Возврат
73221;1656936907;Проверка товара на складе
73245;1656936923;Сбор информации
73241;1656937039;Проверка информации
73241;1656937039;Проверка информации
53919;1656937079;Сделка успешна
73245;1656937101;Проверка информации
73245;1656937101;Проверка информации
56585;1656937328;Сделка успешна
73245;1656937459;Заведение заказа в 1С
73241;1656937476;Заведение заказа в 1С
73241;1656937544;Проверка товара на складе
73245;1656937547;Проверка товара на складе
73241;1656937549;Заведение заказа в 1С
73241;1656937614;Проверка товара на складе
73251;1656937659;Сбор информации
73251;1656937694;Доставка. Товар нужен сегодня
73065;1656937704;Проверка товара на складе
73253;1656937718;Сбор информации
73139;1656937865;Не устраивает цена с бонусами
73253;1656938136;Сделка успешна
73111;1656938140;Сделка успешна
54387;1656938161;Сбор информации
54387;1656938182;Проверка информации
54387;1656938182;Проверка информации
73065;1656938183;Формирование счета для юр.лица
73255;1656938473;Сбор информации
73255;1656938614;Проверка информации
73255;1656938614;Проверка информации
73259;1656938672;Сбор информации
73259;1656938698;Ожидание
62977;1656938809;Возврат
73255;1656938819;Заведение заказа в 1С
54387;1656938837;Заведение заказа в 1С
73263;1656938845;Сбор информации
54387;1656938966;Проверка товара на складе
73255;1656938987;Проверка товара на складе
73265;1656939054;Сбор информации
63467;1656939132;Возврат
73267;1656939133;Сбор информации
73267;1656939150;Ожидание
73263;1656939245;Доставка. Неудобный интервал
73269;1656939325;Сбор информации
73269;1656939347;Ожидание
73271;1656939372;Сбор информации
73265;1656939442;Ожидание
73273;1656939487;Сбор информации
73275;1656939488;Сбор информации
70173;1656939498;Сделка успешна
73273;1656939499;Ожидание
73211;1656939518;Проверка информации
73211;1656939518;Проверка информации
73211;1656939586;Заведение заказа в 1С
73211;1656939646;Проверка товара на складе
73189;1656939683;Сделка успешна
72503;1656939698;Сделка успешна
73277;1656939725;Сбор информации
71177;1656939750;Сделка успешна
73271;1656939768;Ожидание
73279;1656939811;Сбор информации
73277;1656939826;Нет в ассортименте
73279;1656939946;Проверка информации
73279;1656939946;Проверка информации
73283;1656940024;Сбор информации
73279;1656940045;Заведение заказа в 1С
73285;1656940079;Сбор информации
73279;1656940132;Проверка товара на складе
73285;1656940287;Проверка информации
73285;1656940287;Проверка информации
73287;1656940309;Сбор информации
73287;1656940316;Ожидание
73291;1656940318;Сбор информации
73285;1656940373;Заведение заказа в 1С
73291;1656940453;Доставка. Товар нужен сегодня
73283;1656940472;Проверка информации
73283;1656940472;Проверка информации
73283;1656940590;Заведение заказа в 1С
73285;1656940606;Проверка товара на складе
71485;1656940631;Возврат
73283;1656940648;Проверка товара на складе
73295;1656940649;Сбор информации
73295;1656940664;Ожидание
73299;1656940826;Сбор информации
73299;1656940870;Нет в ассортименте
73303;1656940964;Сбор информации
73303;1656941004;Ожидание
73243;1656941010;Ожидание
73305;1656941045;Сбор информации
73305;1656941140;Ожидание
73309;1656941162;Сбор информации
73309;1656941408;Проверка информации
73309;1656941408;Проверка информации
73309;1656941483;Заведение заказа в 1С
73313;1656941507;Сбор информации
73309;1656941536;Проверка товара на складе
73315;1656941690;Сбор информации
73315;1656941698;Ожидание
73313;1656941703;Проверка информации
73313;1656941703;Проверка информации
73317;1656941716;Сбор информации
73313;1656941730;Заведение заказа в 1С
73317;1656941738;Ожидание
73319;1656941749;Сбор информации
73313;1656941788;Проверка товара на складе
73265;1656941843;Проверка информации
73265;1656941843;Проверка информации
73319;1656941944;Проверка информации
73319;1656941944;Проверка информации
73319;1656941971;Заведение заказа в 1С
73265;1656941995;Заведение заказа в 1С
72529;1656942010;Ожидание
73319;1656942012;Проверка товара на складе
73265;1656942043;Проверка товара на складе
73211;1656942049;Некачественный товар
73321;1656942132;Сбор информации
73323;1656942134;Сбор информации
73321;1656942148;Ожидание
73325;1656942274;Сбор информации
73323;1656942295;Проверка информации
73323;1656942295;Проверка информации
73325;1656942395;Нет в ассортименте
73329;1656942521;Сбор информации
73331;1656942597;Сбор информации
73333;1656942597;Сбор информации
73331;1656942612;Доставка. Товар нужен сегодня
73333;1656942639;Проверка товара на складе
73329;1656942678;Проверка информации
73329;1656942678;Проверка информации
73335;1656942679;Сбор информации
73335;1656942791;Заведение заказа в 1С
73329;1656942803;Заведение заказа в 1С
73323;1656942828;Заведение заказа в 1С
73335;1656942869;Проверка товара на складе
72943;1656943021;Нет в ассортименте
72729;1656943094;Истекло время ожидания
72871;1656943178;Нет в ассортименте
73341;1656943219;Сбор информации
73341;1656943227;Ожидание
73329;1656943268;Проверка товара на складе
73323;1656943306;Проверка товара на складе
73321;1656943340;Сбор информации
73343;1656943541;Сбор информации
73343;1656943652;Нет в ассортименте
73345;1656943842;Сбор информации
73345;1656943851;Ожидание
72969;1656943885;Подумает и перезвонит
68881;1656943905;Сделка успешна
73321;1656943922;Проверка информации
73321;1656943922;Проверка информации
72927;1656943956;Уже купил
71871;1656944001;Заведение заказа в 1С
73347;1656944027;Сбор информации
73349;1656944045;Сбор информации
73351;1656944046;Сбор информации
73351;1656944055;Ожидание
73349;1656944059;Ожидание
73347;1656944067;Подумает и перезвонит
73321;1656944074;Заведение заказа в 1С
68643;1656944078;Сделка успешна
72669;1656944135;Истекло время ожидания
73321;1656944142;Проверка товара на складе
68607;1656944155;Сделка успешна
73009;1656944208;Истекло время ожидания
68555;1656944218;Сделка успешна
73355;1656944230;Сбор информации
72963;1656944240;Истекло время ожидания
68529;1656944262;Сделка успешна
72791;1656944312;Истекло время ожидания
72573;1656944405;Передумал или отложил
68297;1656944416;Сделка успешна
73355;1656944516;Проверка информации
73355;1656944516;Проверка информации
73357;1656944572;Сбор информации
72707;1656944628;Истекло время ожидания
73355;1656944644;Заведение заказа в 1С
68131;1656944775;Возврат
72923;1656944834;Истекло время ожидания
68097;1656944884;Сделка успешна
73359;1656944904;Сбор информации
72701;1656944907;Подумает и перезвонит
73359;1656944930;Ожидание
73333;1656944931;Сбор информации
72605;1656944982;Уже купил
73333;1656944983;Проверка товара на складе
72697;1656945074;Уже купил
68039;1656945090;Сделка успешна
67967;1656945185;Сделка успешна
67929;1656945241;Сделка успешна
73357;1656945317;Проверка информации
73357;1656945317;Проверка информации
72759;1656945326;Подумает и перезвонит
72721;1656945338;Сделка успешна
73365;1656945341;Сбор информации
73367;1656945362;Проверка информации
73367;1656945362;Проверка информации
66329;1656945370;Сделка успешна
73355;1656945401;Проверка товара на складе
66287;1656945415;Сделка успешна
72653;1656945454;Нет в ассортименте
73357;1656945483;Заведение заказа в 1С
72647;1656945527;Подумает и перезвонит
73367;1656945544;Заведение заказа в 1С
73357;1656945545;Проверка товара на складе
73365;1656945591;Проверка информации
73365;1656945591;Проверка информации
72953;1656945593;Истекло время ожидания
73359;1656945630;Доставка. Далеко до терминала ТК
65955;1656945660;Сделка успешна
72735;1656945676;Товар не устраивает
73369;1656945734;Сбор информации
65009;1656945746;Сделка успешна
73369;1656945754;Доставка. Товар нужен сегодня
72905;1656945829;Подумает и перезвонит
73373;1656945854;Сбор информации
73365;1656945895;Заведение заказа в 1С
72693;1656945918;Подумает и перезвонит
73365;1656945954;Проверка товара на складе
64727;1656945996;Сделка успешна
73373;1656946070;Ожидание
73377;1656946082;Сбор информации
73377;1656946117;Ожидание
73379;1656946120;Сбор информации
64377;1656946148;Сделка успешна
72583;1656946176;Истекло время ожидания
72739;1656946262;Истекло время ожидания
72881;1656946337;Подумает и перезвонит
64091;1656946398;Сделка успешна
72683;1656946444;Не устраивает цена с бонусами
73367;1656946528;Формирование счета для юр.лица
73367;1656946529;Проверка товара на складе
72151;1656946540;Сделка успешна
72885;1656946550;Подумает и перезвонит
72973;1656946673;Подумает и перезвонит
70469;1656946689;Сделка успешна
71197;1656946690;Сделка успешна
72919;1656946750;Дубль
73379;1656946790;Проверка информации
73379;1656946790;Проверка информации
63989;1656946808;Сделка успешна
63241;1656946901;Сделка успешна
72867;1656946945;Передумал или отложил
73381;1656946997;Сбор информации
72813;1656947027;Уже купил
73381;1656947062;Доставка. Нужны выбор и осмотр
63131;1656947099;Сделка успешна
72743;1656947144;Подумает и перезвонит
73385;1656947176;Сбор информации
63125;1656947224;Сделка успешна
72747;1656947224;Уже купил
73387;1656947226;Сбор информации
73365;1656947235;Согласование нового товара
72821;1656947310;Передумал или отложил
73387;1656947315;Заведение заказа в 1С
73385;1656947357;Проверка информации
73385;1656947357;Проверка информации
73379;1656947509;Заведение заказа в 1С
73105;1656947633;Сделка успешна
73379;1656947636;Проверка товара на складе
73387;1656947657;Проверка товара на складе
73063;1656947663;Сделка успешна
73385;1656947688;Заведение заказа в 1С
70661;1656947698;Сделка успешна
73335;1656947726;Сделка успешна
73385;1656947774;Проверка товара на складе
71647;1656948158;Формирование счета для юр.лица
72937;1656948215;Передумал или отложил
73393;1656948391;Сбор информации
73395;1656948399;Сбор информации
68677;1656948473;Возврат
73395;1656948630;Проверка информации
73395;1656948630;Проверка информации
63123;1656948683;Сделка успешна
63107;1656948788;Сделка успешна
73365;1656948947;Проверка информации
73365;1656948947;Проверка информации
73365;1656948989;Проверка товара на складе
73321;1656949056;Сделка успешна
73393;1656949222;Проверка информации
73393;1656949222;Проверка информации
73395;1656949251;Заведение заказа в 1С
73393;1656949296;Заведение заказа в 1С
73395;1656949319;Проверка товара на складе
73393;1656949369;Проверка товара на складе
61366;1656949509;Возврат
61344;1656949648;Сделка успешна
73067;1656949672;Сделка успешна
61342;1656949717;Сделка успешна
73403;1656949784;Сбор информации
60467;1656949837;Сделка успешна
60371;1656949918;Сделка успешна
73403;1656949953;Проверка информации
73403;1656949953;Проверка информации
73403;1656949979;Заведение заказа в 1С
58875;1656949982;Сделка успешна
73403;1656950006;Проверка товара на складе
58515;1656950091;Сделка успешна
58341;1656950152;Сделка успешна
63181;1656950279;Возврат
73411;1656951256;Сбор информации
73411;1656951264;Ожидание
73417;1656951993;Сбор информации
73419;1656952093;Сбор информации
73001;1656952105;Нет в ассортименте
71091;1656952142;Сделка успешна
73387;1656952181;Сделка успешна
73417;1656952182;Проверка информации
73417;1656952182;Проверка информации
73279;1656952209;Сделка успешна
73123;1656952220;Сделка успешна
73419;1656952230;Проверка информации
73419;1656952230;Проверка информации
73419;1656952309;Заведение заказа в 1С
73417;1656952413;Заведение заказа в 1С
73419;1656952432;Проверка товара на складе
73417;1656952497;Проверка товара на складе
73421;1656952532;Сбор информации
73421;1656952792;Проверка информации
73421;1656952792;Проверка информации
73421;1656952949;Заведение заказа в 1С
73423;1656952970;Сбор информации
73421;1656952972;Проверка товара на складе
73423;1656952986;Ожидание
73429;1656953766;Сбор информации
73429;1656953781;Ожидание
73395;1656954384;Сделка успешна
73435;1656954804;Сбор информации
73435;1656954813;Ожидание
73041;1656954941;Сбор информации
73041;1656954944;Заведение заказа в 1С
73041;1656955051;Проверка товара на складе
73185;1656955216;Сбор информации
73185;1656955219;Заведение заказа в 1С
70715;1656955284;Сделка успешна
73441;1656955376;Сбор информации
73441;1656955476;Проверка информации
73441;1656955476;Проверка информации
73441;1656955528;Заведение заказа в 1С
73441;1656955551;Проверка товара на складе
72581;1656955669;Заведение заказа в 1С
73443;1656956030;Сбор информации
73443;1656956114;Проверка информации
73443;1656956114;Проверка информации
73443;1656956147;Заведение заказа в 1С
73445;1656956161;Сбор информации
73443;1656956230;Проверка товара на складе
73445;1656956345;Ожидание
73445;1656956349;Заведение заказа в 1С
73445;1656956376;Проверка товара на складе
73447;1656956455;Сбор информации
73449;1656956472;Сбор информации
73451;1656956542;Сбор информации
73455;1656956560;Сбор информации
73447;1656956563;Тест
73449;1656956608;Проверка информации
73449;1656956608;Проверка информации
73461;1656956643;Сбор информации
73449;1656956875;Заведение заказа в 1С
73449;1656957107;Проверка товара на складе
73027;1656957172;Сделка успешна
73455;1656957350;Проверка информации
73455;1656957350;Проверка информации
72627;1656957444;Сделка успешна
73455;1656957649;Заведение заказа в 1С
73455;1656957707;Проверка информации
73455;1656957707;Проверка информации
73455;1656957712;Заведение заказа в 1С
73455;1656957863;Проверка товара на складе
73095;1656957873;Подумает и перезвонит
73471;1656957917;Сбор информации
73445;1656957924;Заведение заказа в 1С
73455;1656958067;Заведение заказа в 1С
73455;1656958086;Проверка товара на складе
73471;1656958190;Ожидание
73475;1656958290;Сбор информации
73451;1656958334;Сделка успешна
72793;1656958336;Передумал или отложил
73477;1656958665;Сбор информации
73479;1656958667;Сбор информации
73481;1656958715;Сбор информации
73481;1656958758;Заведение заказа в 1С
73477;1656958841;Артикул уже продан
70039;1656958950;Товар не устраивает
73485;1656958993;Сбор информации
73485;1656959112;Ожидание
73487;1656959127;Сбор информации
73479;1656959147;Доставка. Товар нужен сегодня
73489;1656959189;Сбор информации
73493;1656959338;Сбор информации
73493;1656959373;Ожидание
73495;1656959432;Сбор информации
73497;1656959465;Сбор информации
73471;1656959474;Ожидание юр.лица
73497;1656959522;Подумает и перезвонит
73499;1656959561;Сбор информации
73495;1656959598;Не устраивает цена
73501;1656959649;Сбор информации
73501;1656959658;Ожидание
73503;1656959696;Сбор информации
73499;1656959745;Ожидание
73489;1656959786;Ожидание
73505;1656959804;Сбор информации
73507;1656959827;Сбор информации
73505;1656959828;Ожидание
73441;1656959843;Товар не устраивает
73487;1656959849;Доставка. Товар нужен сегодня
73503;1656959865;Согласование нового товара
73503;1656959875;Проверка информации
73503;1656959875;Проверка информации
73507;1656960151;Проверка информации
73507;1656960151;Проверка информации
73509;1656960191;Сбор информации
73509;1656960443;Проверка информации
73509;1656960443;Проверка информации
73515;1656960661;Сбор информации
73515;1656960718;Ожидание
73517;1656960742;Сбор информации
73509;1656960802;Заведение заказа в 1С
73507;1656960819;Заведение заказа в 1С
73503;1656960837;Заведение заказа в 1С
73517;1656960862;Подумает и перезвонит
73259;1656961016;Нет в ассортименте
73509;1656961034;Проверка товара на складе
73503;1656961123;Проверка товара на складе
73507;1656961213;Проверка товара на складе
73519;1656961291;Сбор информации
73519;1656961307;Ожидание
73521;1656961424;Сбор информации
73523;1656961531;Сбор информации
73523;1656961538;Ожидание
73521;1656961620;Проверка информации
73521;1656961620;Проверка информации
73525;1656961691;Сбор информации
73521;1656961713;Заведение заказа в 1С
73521;1656961787;Проверка товара на складе
73527;1656961802;Сбор информации
73529;1656961866;Сбор информации
73527;1656961914;Проверка информации
73527;1656961914;Проверка информации
73529;1656961918;Ожидание
73531;1656962097;Сбор информации
73533;1656962143;Сбор информации
73533;1656962168;Ожидание
73525;1656962175;Ожидание
73531;1656962240;Ожидание
73527;1656962336;Заведение заказа в 1С
73527;1656962361;Проверка товара на складе
73535;1656962457;Сбор информации
73535;1656962645;Доставка. Товар нужен сегодня
73537;1656962828;Сбор информации
73537;1656962936;Заведение заказа в 1С
73537;1656962943;Проверка товара на складе
72951;1656962973;Согласование нового товара
73537;1656963000;Заведение заказа в 1С
73429;1656963240;Проверка информации
73429;1656963240;Проверка информации
73485;1656963271;Недозвон, игнор или неразборчивая речь
73537;1656963278;Сделка успешна
73215;1656963291;Ожидание
73183;1656963301;Ожидание
73529;1656963350;Проверка информации
73529;1656963350;Проверка информации
73541;1656963520;Сбор информации
73541;1656963533;Ожидание
40923;1656963545;Сделка успешна
73543;1656963555;Сбор информации
73255;1656963564;Сделка успешна
73529;1656963587;Заведение заказа в 1С
72677;1656963604;Недозвон, игнор или неразборчивая речь
73545;1656963615;Сбор информации
73429;1656963636;Заведение заказа в 1С
73543;1656963689;Проверка информации
73543;1656963689;Проверка информации
73545;1656963698;Ожидание
73547;1656963805;Сбор информации
73547;1656963812;Ожидание
73549;1656963856;Сбор информации
73529;1656963876;Проверка товара на складе
73553;1656963896;Сбор информации
71843;1656963946;Сделка успешна
73489;1656963980;Проверка информации
73489;1656963980;Проверка информации
73429;1656964086;Проверка товара на складе
73549;1656964106;Проверка информации
73549;1656964106;Проверка информации
73499;1656964149;Проверка информации
73499;1656964149;Проверка информации
73553;1656964274;Проверка информации
73553;1656964274;Проверка информации
73525;1656964322;Подумает и перезвонит
73489;1656964382;Проверка товара на складе
73543;1656964557;Проверка товара на складе
73553;1656964598;Заведение заказа в 1С
73549;1656964622;Заведение заказа в 1С
73499;1656964663;Заведение заказа в 1С
73553;1656964840;Проверка товара на складе
73549;1656965013;Проверка товара на складе
73499;1656965159;Проверка товара на складе
73563;1656967200;Сбор информации
73563;1656967305;Проверка информации
73563;1656967305;Проверка информации
73565;1656967734;Сбор информации
73565;1656967745;Ожидание
73567;1656967878;Сбор информации
73567;1656967900;Ожидание
73569;1656968023;Сбор информации
73569;1656968043;Ожидание
73571;1656968423;Сбор информации
73573;1656992762;Сбор информации
73577;1657008609;Сбор информации
73577;1657008624;Ожидание
73579;1657008772;Сбор информации
73579;1657008857;Доставка. Товар нужен сегодня
73585;1657009611;Сбор информации
73585;1657009842;Подумает и перезвонит
73589;1657010591;Сбор информации
73591;1657010645;Сбор информации
73591;1657010656;Ожидание
73589;1657010797;Проверка информации
73589;1657010797;Проверка информации
73593;1657011049;Сбор информации
73595;1657011091;Сбор информации
73595;1657011143;Доставка. Товар нужен сегодня
73593;1657011199;Проверка информации
73593;1657011199;Проверка информации
73597;1657011672;Сбор информации
73599;1657011760;Сбор информации
73599;1657011778;Ожидание
73601;1657011806;Сбор информации
73603;1657011853;Сбор информации
73603;1657011916;Передумал или отложил
73605;1657011939;Сбор информации
73601;1657012027;Проверка информации
73601;1657012027;Проверка информации
73605;1657012089;Ожидание
73605;1657012092;Сбор информации
73605;1657012160;Проверка информации
73605;1657012160;Проверка информации
73597;1657012169;Ожидание
73607;1657012242;Сбор информации
73609;1657012390;Сбор информации
73607;1657012398;Проверка информации
73607;1657012398;Проверка информации
73609;1657012641;Проверка информации
73609;1657012641;Проверка информации
73613;1657012831;Сбор информации
73613;1657012887;Ожидание
73615;1657013066;Сбор информации
73615;1657013264;Проверка информации
73615;1657013264;Проверка информации
73617;1657013300;Сбор информации
73619;1657013459;Сбор информации
73617;1657013460;Проверка информации
73617;1657013460;Проверка информации
73619;1657013475;Ожидание
73621;1657013640;Сбор информации
73619;1657013695;Проверка информации
73619;1657013695;Проверка информации
73623;1657013831;Сбор информации
73621;1657013904;Проверка информации
73621;1657013904;Проверка информации
73623;1657013952;Нет в ассортименте
73625;1657014495;Сбор информации
73627;1657014533;Сбор информации
73627;1657014546;Ожидание
73625;1657014724;Проверка информации
73625;1657014724;Проверка информации
73245;1657014900;Подумает и перезвонит
73629;1657014920;Сбор информации
73629;1657015001;Ожидание
72939;1657015257;Истекло время ожидания
73553;1657015496;Формирование счета для юр.лица
73633;1657015538;Сбор информации
70611;1657015589;Уже купил
73635;1657015620;Сбор информации
73637;1657015623;Сбор информации
73639;1657015636;Сбор информации
73633;1657015668;Ожидание
73625;1657015679;Заведение заказа в 1С
73527;1657015699;Сделка успешна
73621;1657015699;Заведение заказа в 1С
73619;1657015733;Заведение заказа в 1С
73617;1657015751;Заведение заказа в 1С
73615;1657015778;Заведение заказа в 1С
73609;1657015797;Заведение заказа в 1С
73607;1657015816;Заведение заказа в 1С
73605;1657015844;Заведение заказа в 1С
73637;1657015845;Проверка информации
73637;1657015845;Проверка информации
73635;1657015846;Проверка информации
73635;1657015846;Проверка информации
73601;1657015863;Заведение заказа в 1С
73639;1657015871;Проверка информации
73639;1657015871;Проверка информации
73641;1657015873;Сбор информации
73641;1657015883;Ожидание
73593;1657015885;Заведение заказа в 1С
73643;1657015909;Сбор информации
73589;1657015923;Заведение заказа в 1С
73563;1657015940;Заведение заказа в 1С
73625;1657015959;Проверка товара на складе
73621;1657015971;Проверка товара на складе
73619;1657015989;Проверка товара на складе
73617;1657016006;Проверка товара на складе
73637;1657016036;Заведение заказа в 1С
73635;1657016054;Заведение заказа в 1С
73639;1657016085;Заведение заказа в 1С
73643;1657016181;Проверка информации
73643;1657016181;Проверка информации
73645;1657016201;Сбор информации
73533;1657016205;Проверка информации
73533;1657016205;Проверка информации
73647;1657016226;Сбор информации
73647;1657016235;Ожидание
73645;1657016352;Заведение заказа в 1С
73649;1657016358;Сбор информации
73649;1657016376;Ожидание
73651;1657016429;Сбор информации
73615;1657016432;Проверка товара на складе
73651;1657016456;Ожидание
73609;1657016473;Проверка товара на складе
73653;1657016497;Сбор информации
73653;1657016508;Ожидание
73607;1657016514;Проверка товара на складе
73605;1657016561;Проверка товара на складе
73601;1657016612;Проверка товара на складе
73593;1657016651;Проверка товара на складе
73563;1657016655;Проверка товара на складе
73635;1657016774;Проверка товара на складе
73639;1657016805;Проверка товара на складе
73637;1657016875;Проверка товара на складе
73643;1657016918;Заведение заказа в 1С
73533;1657016958;Заведение заказа в 1С
73659;1657016977;Сбор информации
73643;1657016979;Проверка товара на складе
73533;1657016995;Проверка товара на складе
73645;1657017043;Проверка товара на складе
73185;1657017085;Сбор информации
73185;1657017193;Заведение заказа в 1С
73185;1657017311;Проверка информации
73185;1657017311;Проверка информации
73185;1657017315;Заведение заказа в 1С
73659;1657017397;Проверка информации
73659;1657017397;Проверка информации
73663;1657017516;Сбор информации
73663;1657017603;Ожидание
73665;1657017688;Сбор информации
73589;1657017955;Проверка товара на складе
73185;1657018064;Проверка товара на складе
73659;1657018131;Заведение заказа в 1С
73271;1657018249;Нет в ассортименте
73673;1657018278;Сбор информации
73673;1657018310;Ожидание
73645;1657018400;Сделка успешна
73675;1657018497;Сбор информации
73677;1657018587;Сбор информации
73679;1657018626;Сбор информации
73679;1657018636;Ожидание
73681;1657018703;Сбор информации
73675;1657018709;Проверка информации
73675;1657018709;Проверка информации
73677;1657018745;Проверка информации
73677;1657018745;Проверка информации
73681;1657018769;Ожидание
73683;1657018771;Сбор информации
73683;1657018916;Проверка информации
73683;1657018916;Проверка информации
73659;1657018948;Проверка товара на складе
70039;1657019112;Сделка успешна
73675;1657019127;Заведение заказа в 1С
73677;1657019165;Заведение заказа в 1С
73683;1657019204;Заведение заказа в 1С
